{"frameRate":24,"name":"Figure","armature":[{"name":"ren","bone":[{"transform":{"skX":-132.85,"scY":1,"x":-1.45,"skY":-132.85,"y":-51.5,"scX":1},"name":"right hand"},{"transform":{"skX":-30,"scY":1,"x":-8.15,"skY":-30,"y":19.35,"scX":1},"name":"right leg"},{"transform":{"skX":30,"scY":1,"x":-0.8,"skY":30,"y":19.35,"scX":1},"name":"left leg"},{"transform":{"skX":0,"scY":1,"x":-4.5,"skY":0,"y":-115.55,"scX":1},"name":"body"},{"transform":{"skX":0,"scY":1,"x":-43.4,"skY":0,"y":-53,"scX":1},"name":"Eye"},{"transform":{"skX":129.71,"scY":1,"x":21.95,"skY":129.71,"y":-27.4,"scX":1},"name":"Left hand"},{"transform":{"skX":0,"scY":1,"x":-5.5,"skY":0,"y":-126.05,"scX":1},"name":"hat"}],"skin":[{"slot":[{"name":"right hand","z":0,"display":[{"transform":{"pY":0,"scY":1,"x":-77.55,"y":-9.75,"skX":0,"skY":0,"pX":0,"scX":1},"name":"元件 5","type":"image"}],"parent":"right hand"},{"name":"right leg","z":1,"display":[{"transform":{"pY":0,"scY":1,"x":-11,"y":-3.9,"skX":0,"skY":0,"pX":0,"scX":1},"name":"元件 6","type":"image"}],"parent":"right leg"},{"name":"left leg","z":2,"display":[{"transform":{"pY":0,"scY":1,"x":-11,"y":-3.95,"skX":0,"skY":0,"pX":0,"scX":1},"name":"元件 6","type":"image"}],"parent":"left leg"},{"name":"body","z":3,"display":[{"transform":{"pY":0,"scY":1,"x":-52.75,"y":-18.75,"skX":0,"skY":0,"pX":0,"scX":1},"name":"元件 3","type":"image"}],"parent":"body"},{"name":"Eye","z":4,"display":[{"transform":{"pY":0,"scY":1,"x":-14.85,"y":-32.85,"skX":0,"skY":0,"pX":0,"scX":1},"name":"元件 2","type":"image"}],"parent":"Eye"},{"name":"Left hand","z":5,"display":[{"transform":{"pY":0,"scY":1,"x":-3,"y":-5.8,"skX":0,"skY":0,"pX":0,"scX":1},"name":"元件 4","type":"image"}],"parent":"Left hand"},{"name":"hat","z":6,"display":[{"transform":{"pY":0,"scY":1,"x":-86.25,"y":-35,"skX":0,"skY":0,"pX":0,"scX":1},"name":"元件 1","type":"image"}],"parent":"hat"}],"name":"default"}],"animation":[{"autoTween":1,"timeline":[{"name":"right hand","scale":1,"frame":[{"z":0,"duration":9,"transform":{"pY":0,"scY":1,"x":-1.45,"y":-51.5,"skX":-132.85,"skY":-132.85,"pX":0,"scX":1},"tweenEasing":0},{"z":0,"duration":9,"transform":{"pY":-0.05,"scY":1,"x":-33.15,"y":-19.05,"skX":1.99,"skY":1.99,"pX":-0.05,"scX":1},"tweenEasing":0},{"z":0,"duration":1,"transform":{"pY":0,"scY":1,"x":-1.45,"y":-51.5,"skX":-132.85,"skY":-132.85,"pX":0,"scX":1},"tweenEasing":0}],"offset":0},{"name":"right leg","scale":1,"frame":[{"z":1,"duration":9,"transform":{"pY":0,"scY":1,"x":-8.15,"y":19.35,"skX":-30,"skY":-30,"pX":0,"scX":1},"tweenEasing":0},{"z":1,"duration":9,"transform":{"pY":0,"scY":1,"x":-8.05,"y":19.7,"skX":27.57,"skY":27.57,"pX":0,"scX":1},"tweenEasing":0},{"z":1,"duration":1,"transform":{"pY":0,"scY":1,"x":-8.15,"y":19.35,"skX":-30,"skY":-30,"pX":0,"scX":1},"tweenEasing":0}],"offset":0},{"name":"left leg","scale":1,"frame":[{"z":2,"duration":9,"transform":{"pY":0,"scY":1,"x":-0.8,"y":19.35,"skX":30,"skY":30,"pX":0,"scX":1},"tweenEasing":0},{"z":2,"duration":9,"transform":{"pY":0,"scY":1,"x":-0.8,"y":19.85,"skX":-28.77,"skY":-28.77,"pX":-0.1,"scX":1},"tweenEasing":0},{"z":2,"duration":1,"transform":{"pY":0,"scY":1,"x":-0.8,"y":19.35,"skX":30,"skY":30,"pX":0,"scX":1},"tweenEasing":0}],"offset":0},{"name":"body","scale":1,"frame":[{"z":3,"duration":9,"transform":{"pY":0,"scY":1,"x":-4.5,"y":-115.55,"skX":0,"skY":0,"pX":0,"scX":1},"tweenEasing":0},{"z":3,"duration":9,"transform":{"pY":0,"scY":1,"x":-4.5,"y":-110.65,"skX":0,"skY":0,"pX":0,"scX":1},"tweenEasing":0},{"z":3,"duration":1,"transform":{"pY":0,"scY":1,"x":-4.5,"y":-115.55,"skX":0,"skY":0,"pX":0,"scX":1},"tweenEasing":0}],"offset":0},{"name":"Eye","scale":1,"frame":[{"z":4,"duration":9,"transform":{"pY":0,"scY":1,"x":-43.4,"y":-53,"skX":0,"skY":0,"pX":0,"scX":1},"tweenEasing":0},{"z":4,"duration":9,"transform":{"pY":0,"scY":1,"x":-43.4,"y":-48.1,"skX":0,"skY":0,"pX":0,"scX":1},"tweenEasing":0},{"z":4,"duration":1,"transform":{"pY":0,"scY":1,"x":-43.4,"y":-53,"skX":0,"skY":0,"pX":0,"scX":1},"tweenEasing":0}],"offset":0},{"name":"Left hand","scale":1,"frame":[{"z":5,"duration":9,"transform":{"pY":0,"scY":1,"x":21.95,"y":-27.4,"skX":129.71,"skY":129.71,"pX":0,"scX":1},"tweenEasing":0},{"z":5,"duration":9,"transform":{"pY":-0.05,"scY":1,"x":22,"y":-22.6,"skX":1.76,"skY":1.76,"pX":-0.1,"scX":1},"tweenEasing":0},{"z":5,"duration":1,"transform":{"pY":0,"scY":1,"x":21.95,"y":-27.4,"skX":129.71,"skY":129.71,"pX":0,"scX":1},"tweenEasing":0}],"offset":0},{"name":"hat","scale":1,"frame":[{"z":6,"duration":9,"transform":{"pY":0,"scY":1,"x":-5.5,"y":-126.05,"skX":0,"skY":0,"pX":0,"scX":1},"tweenEasing":0},{"z":6,"duration":9,"transform":{"pY":0,"scY":1,"x":-5.5,"y":-118.7,"skX":0,"skY":0,"pX":0,"scX":1},"tweenEasing":0},{"z":6,"duration":1,"transform":{"pY":0,"scY":1,"x":-5.5,"y":-126.05,"skX":0,"skY":0,"pX":0,"scX":1},"tweenEasing":0}],"offset":0}],"duration":19,"scale":1,"loop":0,"tweenEasing":null,"name":"walk","fadeInTime":0.3}]}],"version":2.3}