{"name":"woman1","SubTexture":[{"name":"legL","x":193,"width":35,"y":0,"height":58},{"name":"handL","x":121,"width":49,"y":85,"height":20},{"name":"armL","x":229,"width":20,"y":57,"height":56},{"name":"legR","x":193,"width":35,"y":59,"height":58},{"name":"body","x":121,"width":71,"y":0,"height":84},{"name":"armR","x":229,"width":20,"y":0,"height":56},{"name":"head","x":0,"width":120,"y":0,"height":121},{"name":"handR","x":121,"width":48,"y":106,"height":20},{"name":"die","x":170,"width":31,"y":118,"height":26}],"imagePath":"texture.png"}