{"name":"Nijia2","SubTexture":[{"name":"shadow","x":478,"width":111,"y":298,"height":45},{"name":"hair2","x":478,"width":179,"y":215,"height":82},{"name":"armupperL","x":478,"width":28,"y":344,"height":48},{"name":"armL","x":805,"width":34,"y":342,"height":49},{"name":"handL","x":233,"width":25,"y":354,"height":25},{"name":"legL","x":1005,"width":16,"y":60,"height":57},{"name":"footL","x":201,"width":31,"y":354,"height":22},{"name":"thighL","x":991,"width":27,"y":268,"height":65},{"name":"waist","x":805,"width":52,"y":298,"height":43},{"name":"legR","x":1005,"width":16,"y":0,"height":59},{"name":"footR","x":648,"width":31,"y":365,"height":22},{"name":"thighR","x":991,"width":30,"y":196,"height":71},{"name":"body","x":934,"width":56,"y":196,"height":93},{"name":"neck","x":549,"width":35,"y":344,"height":31},{"name":"head2","x":0,"width":335,"y":0,"height":253},{"name":"sword","x":407,"width":70,"y":0,"height":384},{"name":"armupperR","x":840,"width":34,"y":342,"height":46},{"name":"armR","x":114,"width":33,"y":337,"height":52},{"name":"handR","x":946,"width":25,"y":344,"height":27},{"name":"重复项目文件夹/shadow","x":693,"width":111,"y":298,"height":45},{"name":"重复项目文件夹/hair2","x":0,"width":179,"y":254,"height":82},{"name":"重复项目文件夹/armupperL","x":38,"width":37,"y":337,"height":52},{"name":"重复项目文件夹/handL","x":875,"width":31,"y":347,"height":31},{"name":"重复项目文件夹/armL","x":282,"width":37,"y":328,"height":55},{"name":"重复项目文件夹/footL","x":549,"width":30,"y":376,"height":21},{"name":"重复项目文件夹/legL","x":528,"width":20,"y":344,"height":55},{"name":"重复项目文件夹/thighL","x":292,"width":34,"y":254,"height":73},{"name":"重复项目文件夹/waist","x":590,"width":58,"y":298,"height":52},{"name":"重复项目文件夹/footR","x":617,"width":30,"y":352,"height":23},{"name":"重复项目文件夹/legR","x":148,"width":21,"y":337,"height":60},{"name":"重复项目文件夹/thighR","x":658,"width":37,"y":215,"height":75},{"name":"重复项目文件夹/body","x":934,"width":70,"y":0,"height":97},{"name":"重复项目文件夹/neck","x":759,"width":31,"y":344,"height":32},{"name":"重复项目文件夹/head2","x":706,"width":227,"y":0,"height":214},{"name":"重复项目文件夹/armupperR","x":180,"width":39,"y":300,"height":53},{"name":"重复项目文件夹/armR","x":0,"width":37,"y":337,"height":54},{"name":"重复项目文件夹/handR","x":693,"width":32,"y":344,"height":33},{"name":"重复项目文件夹/shadow 副本","x":180,"width":111,"y":254,"height":45},{"name":"重复项目文件夹/hair2 副本","x":696,"width":179,"y":215,"height":82},{"name":"重复项目文件夹/armupperL 副本","x":76,"width":37,"y":337,"height":52},{"name":"重复项目文件夹/handL 副本","x":585,"width":31,"y":352,"height":31},{"name":"重复项目文件夹/armL 副本","x":876,"width":37,"y":291,"height":55},{"name":"sword2","x":336,"width":70,"y":0,"height":384},{"name":"重复项目文件夹/footL 副本","x":617,"width":30,"y":376,"height":21},{"name":"重复项目文件夹/legL 副本","x":507,"width":20,"y":344,"height":55},{"name":"重复项目文件夹/thighL 副本","x":658,"width":34,"y":291,"height":73},{"name":"重复项目文件夹/waist 副本","x":914,"width":58,"y":290,"height":52},{"name":"重复项目文件夹/footR 副本","x":170,"width":30,"y":354,"height":23},{"name":"重复项目文件夹/legR 副本","x":260,"width":21,"y":300,"height":60},{"name":"重复项目文件夹/thighR 副本","x":876,"width":37,"y":215,"height":75},{"name":"重复项目文件夹/body 副本","x":934,"width":70,"y":98,"height":97},{"name":"重复项目文件夹/neck 副本","x":914,"width":31,"y":344,"height":32},{"name":"重复项目文件夹/head2 副本","x":478,"width":227,"y":0,"height":214},{"name":"重复项目文件夹/armupperR 副本","x":220,"width":39,"y":300,"height":53},{"name":"重复项目文件夹/armR 副本","x":973,"width":37,"y":334,"height":54},{"name":"重复项目文件夹/handR 副本","x":726,"width":32,"y":344,"height":33}],"imagePath":"texture.png"}