{"name":"角色4","SubTexture":[{"name":"legL","x":195,"width":38,"y":0,"height":68},{"name":"handL","x":180,"width":55,"y":138,"height":20},{"name":"armL","x":234,"width":20,"y":0,"height":56},{"name":"legR","x":195,"width":38,"y":69,"height":68},{"name":"body","x":0,"width":97,"y":127,"height":97},{"name":"armR","x":234,"width":20,"y":57,"height":56},{"name":"head","x":0,"width":194,"y":0,"height":126},{"name":"handR","x":98,"width":55,"y":127,"height":20},{"name":"cred","x":124,"width":25,"y":148,"height":27},{"name":"corange","x":202,"width":25,"y":159,"height":27},{"name":"cyellow","x":154,"width":25,"y":127,"height":27},{"name":"cgreen","x":228,"width":25,"y":159,"height":27},{"name":"cqing","x":176,"width":25,"y":159,"height":27},{"name":"cbule","x":150,"width":25,"y":155,"height":27},{"name":"czi","x":98,"width":25,"y":148,"height":27}],"imagePath":"texture.png"}