{"name":"woman4","SubTexture":[{"name":"legL3","x":153,"width":35,"y":0,"height":58},{"name":"handL3","x":93,"width":49,"y":85,"height":20},{"name":"armL3","x":225,"width":20,"y":0,"height":56},{"name":"legR3","x":189,"width":35,"y":0,"height":58},{"name":"body3","x":93,"width":59,"y":0,"height":84},{"name":"armR3","x":225,"width":20,"y":57,"height":56},{"name":"head3","x":0,"width":92,"y":0,"height":113},{"name":"handR3","x":143,"width":48,"y":86,"height":20},{"name":"die3","x":153,"width":31,"y":59,"height":26}],"imagePath":"texture.png"}