{"name":"woman6","SubTexture":[{"name":"legL6","x":217,"width":35,"y":114,"height":58},{"name":"hair6","x":0,"width":132,"y":0,"height":145},{"name":"armL6","x":225,"width":20,"y":57,"height":56},{"name":"handL6","x":36,"width":49,"y":146,"height":20},{"name":"legR6","x":0,"width":35,"y":146,"height":58},{"name":"body6","x":133,"width":91,"y":0,"height":95},{"name":"armR6","x":225,"width":20,"y":0,"height":56},{"name":"head6","x":133,"width":83,"y":96,"height":94},{"name":"handR6","x":36,"width":48,"y":167,"height":20},{"name":"die6","x":86,"width":31,"y":146,"height":26}],"imagePath":"texture.png"}