{"name":"woman2","SubTexture":[{"name":"legL2","x":195,"width":35,"y":0,"height":58},{"name":"handL2","x":195,"width":49,"y":118,"height":20},{"name":"armL2","x":231,"width":20,"y":0,"height":56},{"name":"legR2","x":195,"width":35,"y":59,"height":58},{"name":"body2","x":0,"width":97,"y":127,"height":97},{"name":"armR2","x":231,"width":20,"y":57,"height":56},{"name":"head2","x":0,"width":194,"y":0,"height":126},{"name":"handR2","x":98,"width":48,"y":127,"height":20},{"name":"die2","x":147,"width":31,"y":127,"height":26}],"imagePath":"texture.png"}