{"frameRate":24,"name":"woman3","armature":[{"name":"redcap5","bone":[{"transform":{"skX":6.24,"scY":0.25,"x":5.25,"skY":6.24,"y":13.65,"scX":0.25},"name":"footL","parent":"body"},{"transform":{"skX":135,"scY":0.25,"x":13.8,"skY":135,"y":2.3,"scX":0.25},"name":"handL","parent":"armL"},{"transform":{"skX":-45,"scY":0.25,"x":6.9,"skY":-45,"y":-4.6,"scX":0.25},"name":"armL","parent":"body"},{"transform":{"skX":-6.47,"scY":0.25,"x":-4.25,"skY":-6.47,"y":13.45,"scX":0.25},"name":"footR","parent":"body"},{"transform":{"skX":0,"scY":0.25,"x":0,"skY":0,"y":2.5,"scX":0.25},"name":"body"},{"transform":{"skX":45,"scY":0.25,"x":-7.35,"skY":45,"y":-4.55,"scX":0.25},"name":"armR","parent":"body"},{"transform":{"skX":0,"scY":0.25,"x":-0.3,"skY":0,"y":-7,"scX":0.25},"name":"head","parent":"body"},{"transform":{"skX":45,"scY":0.25,"x":-14.25,"skY":45,"y":2.4,"scX":0.25},"name":"handR","parent":"armR"},{"transform":{"skX":0,"scY":1,"x":19.8,"skY":0,"y":-38.9,"scX":1},"name":"red"}],"skin":[{"slot":[{"name":"footL","z":0,"display":[{"transform":{"pY":0,"scY":1,"x":-13.15,"y":-9.65,"skX":0,"skY":0,"pX":0,"scX":1},"name":"legL5","type":"image"}],"parent":"footL"},{"name":"handL","z":1,"display":[{"transform":{"pY":0,"scY":1,"x":-9.75,"y":-9.75,"skX":0,"skY":0,"pX":0,"scX":1},"name":"handL5","type":"image"}],"parent":"handL"},{"name":"armL","z":2,"display":[{"transform":{"pY":0,"scY":1,"x":-9.45,"y":-7.25,"skX":0,"skY":0,"pX":0,"scX":1},"name":"armL5","type":"image"}],"parent":"armL"},{"name":"footR","z":3,"display":[{"transform":{"pY":-0.1,"scY":1,"x":-25.55,"y":-8.95,"skX":0,"skY":0,"pX":-2.75,"scX":1},"name":"legR5","type":"image"}],"parent":"footR"},{"name":"body","z":4,"display":[{"transform":{"pY":0,"scY":1,"x":-48.4,"y":-48.6,"skX":0,"skY":0,"pX":-15.1,"scX":1},"name":"body5","type":"image"}],"parent":"body"},{"name":"armR","z":5,"display":[{"transform":{"pY":0,"scY":1,"x":-9.45,"y":-7.25,"skX":0,"skY":0,"pX":0,"scX":1},"name":"armR5","type":"image"}],"parent":"armR"},{"name":"head","z":6,"display":[{"transform":{"pY":-40,"scY":1,"x":-96.6,"y":-125,"skX":0,"skY":0,"pX":-62.7,"scX":1},"name":"head5","type":"image"}],"parent":"head"},{"name":"handR","z":7,"display":[{"transform":{"pY":0,"scY":1,"x":-9.6,"y":-9.9,"skX":0,"skY":0,"pX":0,"scX":1},"name":"handR5","type":"image"}],"parent":"handR"},{"name":"red","z":8,"display":[{"transform":{"pY":0,"scY":1,"x":-15.35,"y":-12.8,"skX":0,"skY":0,"pX":0,"scX":1},"name":"die5","type":"image"}],"parent":"red"}],"name":"default"}],"animation":[{"autoTween":1,"timeline":[{"name":"footL","scale":1,"frame":[{"z":0,"duration":10,"transform":{"pY":0,"scY":0.25,"x":5.25,"y":13.65,"skX":6.24,"skY":6.24,"pX":0,"scX":0.25},"tweenEasing":0},{"z":0,"duration":10,"transform":{"pY":0.1,"scY":0.25,"x":5.25,"y":13.65,"skX":4.66,"skY":4.66,"pX":0.1,"scX":0.25},"tweenEasing":0},{"z":0,"duration":1,"transform":{"pY":0,"scY":0.25,"x":5.25,"y":13.65,"skX":6.24,"skY":6.24,"pX":0,"scX":0.25},"tweenEasing":0}],"offset":0},{"name":"handL","scale":1,"frame":[{"z":1,"duration":10,"transform":{"pY":0,"scY":0.25,"x":13.8,"y":2.3,"skX":135,"skY":135,"pX":0,"scX":0.25},"tweenEasing":0},{"z":1,"duration":10,"transform":{"pY":0.05,"scY":0.25,"x":12.85,"y":3.7,"skX":142.47,"skY":142.47,"pX":0.05,"scX":0.25},"tweenEasing":0},{"z":1,"duration":1,"transform":{"pY":0,"scY":0.25,"x":13.8,"y":2.3,"skX":135,"skY":135,"pX":0,"scX":0.25},"tweenEasing":0}],"offset":0},{"name":"armL","scale":1,"frame":[{"z":2,"duration":10,"transform":{"pY":0,"scY":0.25,"x":6.9,"y":-4.6,"skX":-45,"skY":-45,"pX":0,"scX":0.25},"tweenEasing":0},{"z":2,"duration":10,"transform":{"pY":0.1,"scY":0.25,"x":6.9,"y":-4.05,"skX":-37.53,"skY":-37.53,"pX":-0.2,"scX":0.25},"tweenEasing":0},{"z":2,"duration":1,"transform":{"pY":0,"scY":0.25,"x":6.9,"y":-4.6,"skX":-45,"skY":-45,"pX":0,"scX":0.25},"tweenEasing":0}],"offset":0},{"name":"footR","scale":1,"frame":[{"z":3,"duration":10,"transform":{"pY":0,"scY":0.25,"x":-4.25,"y":13.45,"skX":-6.47,"skY":-6.47,"pX":0,"scX":0.25},"tweenEasing":0},{"z":3,"duration":10,"transform":{"pY":0.1,"scY":0.25,"x":-4.25,"y":13.45,"skX":-5.42,"skY":-5.41,"pX":-0.15,"scX":0.25},"tweenEasing":0},{"z":3,"duration":1,"transform":{"pY":0,"scY":0.25,"x":-4.25,"y":13.45,"skX":-6.47,"skY":-6.47,"pX":0,"scX":0.25},"tweenEasing":0}],"offset":0},{"name":"body","scale":1,"frame":[{"z":4,"duration":10,"transform":{"pY":0,"scY":0.25,"x":0,"y":2.5,"skX":0,"skY":0,"pX":0,"scX":0.25},"tweenEasing":0},{"z":4,"duration":10,"transform":{"pY":0.2,"scY":0.25,"x":0,"y":3.05,"skX":0,"skY":0,"pX":0,"scX":0.25},"tweenEasing":0},{"z":4,"duration":1,"transform":{"pY":0,"scY":0.25,"x":0,"y":2.5,"skX":0,"skY":0,"pX":0,"scX":0.25},"tweenEasing":0}],"offset":0},{"name":"armR","scale":1,"frame":[{"z":5,"duration":10,"transform":{"pY":0,"scY":0.25,"x":-7.35,"y":-4.55,"skX":45,"skY":45,"pX":0,"scX":0.25},"tweenEasing":0},{"z":5,"duration":10,"transform":{"pY":-0.1,"scY":0.25,"x":-7.35,"y":-3.95,"skX":36.27,"skY":36.27,"pX":-0.15,"scX":0.25},"tweenEasing":0},{"z":5,"duration":1,"transform":{"pY":0,"scY":0.25,"x":-7.35,"y":-4.55,"skX":45,"skY":45,"pX":0,"scX":0.25},"tweenEasing":0}],"offset":0},{"name":"head","scale":1,"frame":[{"z":6,"duration":10,"transform":{"pY":0,"scY":0.25,"x":-0.3,"y":-7,"skX":0,"skY":0,"pX":0,"scX":0.25},"tweenEasing":0},{"z":6,"duration":10,"transform":{"pY":-0.2,"scY":0.25,"x":-0.3,"y":-6.4,"skX":0,"skY":0,"pX":0,"scX":0.25},"tweenEasing":0},{"z":6,"duration":1,"transform":{"pY":0,"scY":0.25,"x":-0.3,"y":-7,"skX":0,"skY":0,"pX":0,"scX":0.25},"tweenEasing":0}],"offset":0},{"name":"handR","scale":1,"frame":[{"z":7,"duration":10,"transform":{"pY":0,"scY":0.25,"x":-14.25,"y":2.4,"skX":45,"skY":45,"pX":0,"scX":0.25},"tweenEasing":0},{"z":7,"duration":10,"transform":{"pY":0.1,"scY":0.25,"x":-13.1,"y":3.95,"skX":36.27,"skY":36.27,"pX":-0.05,"scX":0.25},"tweenEasing":0},{"z":7,"duration":1,"transform":{"pY":0,"scY":0.25,"x":-14.25,"y":2.4,"skX":45,"skY":45,"pX":0,"scX":0.25},"tweenEasing":0}],"offset":0},{"name":"red","scale":1,"frame":[{"z":8,"duration":21,"transform":{"pY":0,"scY":1,"x":19.8,"y":-38.9,"skX":0,"skY":0,"pX":0,"scX":1},"colorTransform":{"aM":0,"rM":100,"aO":0,"gM":100,"rO":0,"bM":100,"gO":0,"bO":0}}],"offset":0}],"duration":21,"scale":1,"loop":0,"tweenEasing":null,"name":"stand","fadeInTime":0.3},{"autoTween":1,"timeline":[{"name":"footL","scale":1,"frame":[{"transform":{"pY":0.25,"scY":0.25,"x":0.35,"y":14.6,"skX":44.73,"skY":44.73,"pX":-0.1,"scX":0.25},"z":0,"duration":1},{"transform":{"pY":0.4,"scY":0.25,"x":0.35,"y":14.6,"skX":59.73,"skY":59.73,"pX":-0.25,"scX":0.25},"z":0,"duration":1},{"transform":{"pY":0.35,"scY":0.25,"x":0.35,"y":14.6,"skX":74.73,"skY":74.73,"pX":-0.25,"scX":0.25},"z":0,"duration":1},{"transform":{"pY":0.5,"scY":0.25,"x":0.35,"y":14.6,"skX":85.19,"skY":85.19,"pX":-0.3,"scX":0.25},"z":0,"duration":1},{"transform":{"pY":0.45,"scY":0.25,"x":0.35,"y":14.6,"skX":96.38,"skY":96.38,"pX":-0.2,"scX":0.25},"z":0,"duration":1},{"transform":{"pY":0.5,"scY":0.25,"x":0.35,"y":14.6,"skX":85.19,"skY":85.19,"pX":-0.3,"scX":0.25},"z":0,"duration":1},{"transform":{"pY":0.35,"scY":0.25,"x":0.35,"y":14.6,"skX":74.73,"skY":74.73,"pX":-0.25,"scX":0.25},"z":0,"duration":1},{"transform":{"pY":0.4,"scY":0.25,"x":0.35,"y":14.6,"skX":59.73,"skY":59.73,"pX":-0.25,"scX":0.25},"z":0,"duration":1},{"transform":{"pY":0.35,"scY":0.25,"x":0.35,"y":14.6,"skX":39.78,"skY":39.78,"pX":0.2,"scX":0.25},"z":0,"duration":1},{"transform":{"pY":0.5,"scY":0.25,"x":0.35,"y":14.6,"skX":24.78,"skY":24.78,"pX":0.1,"scX":0.25},"z":0,"duration":1},{"transform":{"pY":0.45,"scY":0.25,"x":0.35,"y":14.6,"skX":5.32,"skY":5.32,"pX":0.05,"scX":0.25},"z":0,"duration":1},{"transform":{"pY":0.45,"scY":0.25,"x":0.35,"y":14.6,"skX":-15.14,"skY":-15.14,"pX":-0.3,"scX":0.25},"z":0,"duration":1},{"transform":{"pY":0.5,"scY":0.25,"x":0.35,"y":14.6,"skX":-26.34,"skY":-26.34,"pX":-0.4,"scX":0.25},"z":0,"duration":1},{"transform":{"pY":0.5,"scY":0.25,"x":0.35,"y":14.6,"skX":-41.34,"skY":-41.34,"pX":-0.35,"scX":0.25},"z":0,"duration":1},{"transform":{"pY":0.25,"scY":0.25,"x":0.35,"y":14.6,"skX":-50.32,"skY":-50.32,"pX":-0.35,"scX":0.25},"z":0,"duration":1},{"transform":{"pY":0.5,"scY":0.25,"x":0.35,"y":14.6,"skX":-41.34,"skY":-41.34,"pX":-0.35,"scX":0.25},"z":0,"duration":1},{"transform":{"pY":0.5,"scY":0.25,"x":0.35,"y":14.6,"skX":-26.34,"skY":-26.34,"pX":-0.4,"scX":0.25},"z":0,"duration":1},{"transform":{"pY":0.45,"scY":0.25,"x":0.35,"y":14.6,"skX":-15.14,"skY":-15.14,"pX":-0.3,"scX":0.25},"z":0,"duration":1},{"transform":{"pY":0.45,"scY":0.25,"x":0.35,"y":14.6,"skX":5.32,"skY":5.32,"pX":0.05,"scX":0.25},"z":0,"duration":1},{"transform":{"pY":0.5,"scY":0.25,"x":0.35,"y":14.6,"skX":24.78,"skY":24.78,"pX":0.1,"scX":0.25},"z":0,"duration":1}],"offset":0},{"name":"handL","scale":1,"frame":[{"transform":{"pY":-0.1,"scY":0.25,"x":8.35,"y":7.8,"skX":-17.77,"skY":-17.77,"pX":0.1,"scX":0.25},"z":1,"duration":1},{"transform":{"pY":-0.15,"scY":0.25,"x":9.9,"y":7.2,"skX":-27.33,"skY":-27.33,"pX":0.2,"scX":0.25},"z":1,"duration":1},{"transform":{"pY":0,"scY":0.25,"x":11.15,"y":6.45,"skX":-35.82,"skY":-35.82,"pX":0.3,"scX":0.25},"z":1,"duration":1},{"transform":{"pY":0,"scY":0.25,"x":12.25,"y":5.55,"skX":-44.05,"skY":-44.05,"pX":0.3,"scX":0.25},"z":1,"duration":1},{"transform":{"pY":0.45,"scY":0.25,"x":14.3,"y":2.55,"skX":-65.05,"skY":-65.05,"pX":0.35,"scX":0.25},"z":1,"duration":1},{"transform":{"pY":0,"scY":0.25,"x":12.25,"y":5.55,"skX":-44.05,"skY":-44.05,"pX":0.3,"scX":0.25},"z":1,"duration":1},{"transform":{"pY":0,"scY":0.25,"x":11.15,"y":6.45,"skX":-35.82,"skY":-35.82,"pX":0.3,"scX":0.25},"z":1,"duration":1},{"transform":{"pY":-0.15,"scY":0.25,"x":9.9,"y":7.2,"skX":-27.33,"skY":-27.33,"pX":0.2,"scX":0.25},"z":1,"duration":1},{"transform":{"pY":-0.1,"scY":0.25,"x":8.35,"y":7.8,"skX":-17.77,"skY":-17.77,"pX":0.1,"scX":0.25},"z":1,"duration":1},{"transform":{"pY":-0.1,"scY":0.25,"x":4.3,"y":8.2,"skX":6.18,"skY":6.18,"pX":0,"scX":0.25},"z":1,"duration":1},{"transform":{"pY":0,"scY":0.25,"x":0.55,"y":6.95,"skX":29.64,"skY":29.64,"pX":-0.2,"scX":0.25},"z":1,"duration":1},{"transform":{"pY":0.1,"scY":0.25,"x":-2.35,"y":4.35,"skX":52.88,"skY":52.88,"pX":-0.3,"scX":0.25},"z":1,"duration":1},{"transform":{"pY":0.15,"scY":0.25,"x":-3.3,"y":2.75,"skX":64.09,"skY":64.09,"pX":-0.5,"scX":0.25},"z":1,"duration":1},{"transform":{"pY":0.05,"scY":0.25,"x":-4,"y":1,"skX":75.56,"skY":75.56,"pX":-0.55,"scX":0.25},"z":1,"duration":1},{"transform":{"pY":0.2,"scY":0.25,"x":-4.35,"y":-1,"skX":88,"skY":88,"pX":-0.95,"scX":0.25},"z":1,"duration":1},{"transform":{"pY":0.05,"scY":0.25,"x":-4,"y":1,"skX":75.56,"skY":75.56,"pX":-0.55,"scX":0.25},"z":1,"duration":1},{"transform":{"pY":0.15,"scY":0.25,"x":-3.3,"y":2.75,"skX":64.09,"skY":64.09,"pX":-0.5,"scX":0.25},"z":1,"duration":1},{"transform":{"pY":0.1,"scY":0.25,"x":-2.35,"y":4.35,"skX":52.88,"skY":52.88,"pX":-0.3,"scX":0.25},"z":1,"duration":1},{"transform":{"pY":0,"scY":0.25,"x":0.55,"y":6.95,"skX":29.64,"skY":29.64,"pX":-0.2,"scX":0.25},"z":1,"duration":1},{"transform":{"pY":-0.1,"scY":0.25,"x":4.3,"y":8.2,"skX":6.18,"skY":6.18,"pX":0,"scX":0.25},"z":1,"duration":1}],"offset":0},{"name":"armL","scale":1,"frame":[{"transform":{"pY":0.15,"scY":0.25,"x":5.35,"y":-1.5,"skX":-17.77,"skY":-17.77,"pX":-0.1,"scX":0.25},"z":2,"duration":1},{"transform":{"pY":0.4,"scY":0.25,"x":5.35,"y":-1.5,"skX":-27.33,"skY":-27.33,"pX":0.2,"scX":0.25},"z":2,"duration":1},{"transform":{"pY":0.6,"scY":0.25,"x":5.35,"y":-1.5,"skX":-35.82,"skY":-35.82,"pX":0.2,"scX":0.25},"z":2,"duration":1},{"transform":{"pY":0.6,"scY":0.25,"x":5.35,"y":-1.5,"skX":-44.05,"skY":-44.05,"pX":0.3,"scX":0.25},"z":2,"duration":1},{"transform":{"pY":0.65,"scY":0.25,"x":5.35,"y":-1.5,"skX":-65.05,"skY":-65.05,"pX":0.4,"scX":0.25},"z":2,"duration":1},{"transform":{"pY":0.6,"scY":0.25,"x":5.35,"y":-1.5,"skX":-44.05,"skY":-44.05,"pX":0.3,"scX":0.25},"z":2,"duration":1},{"transform":{"pY":0.6,"scY":0.25,"x":5.35,"y":-1.5,"skX":-35.82,"skY":-35.82,"pX":0.2,"scX":0.25},"z":2,"duration":1},{"transform":{"pY":0.4,"scY":0.25,"x":5.35,"y":-1.5,"skX":-27.33,"skY":-27.33,"pX":0.2,"scX":0.25},"z":2,"duration":1},{"transform":{"pY":0.15,"scY":0.25,"x":5.35,"y":-1.5,"skX":-17.77,"skY":-17.77,"pX":-0.1,"scX":0.25},"z":2,"duration":1},{"transform":{"pY":0.25,"scY":0.25,"x":5.35,"y":-1.5,"skX":6.18,"skY":6.18,"pX":-0.15,"scX":0.25},"z":2,"duration":1},{"transform":{"pY":0.15,"scY":0.25,"x":5.35,"y":-1.5,"skX":29.64,"skY":29.64,"pX":-0.35,"scX":0.25},"z":2,"duration":1},{"transform":{"pY":0,"scY":0.25,"x":5.35,"y":-1.5,"skX":52.88,"skY":52.88,"pX":-0.35,"scX":0.25},"z":2,"duration":1},{"transform":{"pY":0,"scY":0.25,"x":5.35,"y":-1.5,"skX":64.09,"skY":64.09,"pX":-0.4,"scX":0.25},"z":2,"duration":1},{"transform":{"pY":-0.05,"scY":0.25,"x":5.35,"y":-1.5,"skX":75.56,"skY":75.56,"pX":-0.25,"scX":0.25},"z":2,"duration":1},{"transform":{"pY":-0.1,"scY":0.25,"x":5.35,"y":-1.5,"skX":88,"skY":88,"pX":-0.1,"scX":0.25},"z":2,"duration":1},{"transform":{"pY":-0.05,"scY":0.25,"x":5.35,"y":-1.5,"skX":75.56,"skY":75.56,"pX":-0.25,"scX":0.25},"z":2,"duration":1},{"transform":{"pY":0,"scY":0.25,"x":5.35,"y":-1.5,"skX":64.09,"skY":64.09,"pX":-0.4,"scX":0.25},"z":2,"duration":1},{"transform":{"pY":0,"scY":0.25,"x":5.35,"y":-1.5,"skX":52.88,"skY":52.88,"pX":-0.35,"scX":0.25},"z":2,"duration":1},{"transform":{"pY":0.15,"scY":0.25,"x":5.35,"y":-1.5,"skX":29.64,"skY":29.64,"pX":-0.35,"scX":0.25},"z":2,"duration":1},{"transform":{"pY":0.25,"scY":0.25,"x":5.35,"y":-1.5,"skX":6.18,"skY":6.18,"pX":-0.15,"scX":0.25},"z":2,"duration":1}],"offset":0},{"name":"footR","scale":1,"frame":[{"transform":{"pY":-0.1,"scY":0.25,"x":0.5,"y":14.3,"skX":-37.49,"skY":-37.49,"pX":-0.05,"scX":0.25},"z":3,"duration":1},{"transform":{"pY":-0.05,"scY":0.25,"x":0.5,"y":14.3,"skX":-45.22,"skY":-45.22,"pX":-0.05,"scX":0.25},"z":3,"duration":1},{"transform":{"pY":-0.1,"scY":0.25,"x":0.5,"y":14.3,"skX":-60.22,"skY":-60.22,"pX":-0.15,"scX":0.25},"z":3,"duration":1},{"transform":{"pY":-0.1,"scY":0.25,"x":0.5,"y":14.3,"skX":-68.46,"skY":-68.46,"pX":0,"scX":0.25},"z":3,"duration":1},{"transform":{"pY":-0.2,"scY":0.25,"x":0.5,"y":14.3,"skX":-81.38,"skY":-81.38,"pX":0.1,"scX":0.25},"z":3,"duration":1},{"transform":{"pY":-0.1,"scY":0.25,"x":0.5,"y":14.3,"skX":-68.46,"skY":-68.46,"pX":0,"scX":0.25},"z":3,"duration":1},{"transform":{"pY":-0.1,"scY":0.25,"x":0.5,"y":14.3,"skX":-60.22,"skY":-60.22,"pX":-0.15,"scX":0.25},"z":3,"duration":1},{"transform":{"pY":-0.05,"scY":0.25,"x":0.5,"y":14.3,"skX":-45.22,"skY":-45.22,"pX":-0.05,"scX":0.25},"z":3,"duration":1},{"transform":{"pY":-0.15,"scY":0.25,"x":0.5,"y":14.3,"skX":-22.49,"skY":-22.49,"pX":-0.1,"scX":0.25},"z":3,"duration":1},{"transform":{"pY":-0.3,"scY":0.25,"x":0.5,"y":14.3,"skX":-7.49,"skY":-7.49,"pX":-0.3,"scX":0.25},"z":3,"duration":1},{"transform":{"pY":-0.2,"scY":0.25,"x":0.5,"y":14.3,"skX":17.24,"skY":17.24,"pX":-0.3,"scX":0.25},"z":3,"duration":1},{"transform":{"pY":-0.2,"scY":0.25,"x":0.45,"y":14.3,"skX":32.24,"skY":32.24,"pX":-0.5,"scX":0.25},"z":3,"duration":1},{"transform":{"pY":-0.05,"scY":0.25,"x":0.45,"y":14.3,"skX":41.98,"skY":41.98,"pX":-0.6,"scX":0.25},"z":3,"duration":1},{"transform":{"pY":0,"scY":0.25,"x":0.45,"y":14.3,"skX":50.92,"skY":50.92,"pX":-0.7,"scX":0.25},"z":3,"duration":1},{"transform":{"pY":0.2,"scY":0.25,"x":0.45,"y":14.3,"skX":61.9,"skY":61.9,"pX":-0.6,"scX":0.25},"z":3,"duration":1},{"transform":{"pY":0,"scY":0.25,"x":0.45,"y":14.3,"skX":50.92,"skY":50.92,"pX":-0.7,"scX":0.25},"z":3,"duration":1},{"transform":{"pY":-0.05,"scY":0.25,"x":0.45,"y":14.3,"skX":41.98,"skY":41.98,"pX":-0.6,"scX":0.25},"z":3,"duration":1},{"transform":{"pY":-0.2,"scY":0.25,"x":0.45,"y":14.3,"skX":32.24,"skY":32.24,"pX":-0.5,"scX":0.25},"z":3,"duration":1},{"transform":{"pY":-0.2,"scY":0.25,"x":0.5,"y":14.3,"skX":17.24,"skY":17.24,"pX":-0.3,"scX":0.25},"z":3,"duration":1},{"transform":{"pY":-0.3,"scY":0.25,"x":0.5,"y":14.3,"skX":-7.49,"skY":-7.49,"pX":-0.3,"scX":0.25},"z":3,"duration":1}],"offset":0},{"name":"body","scale":1,"frame":[{"transform":{"pY":-0.05,"scY":0.25,"x":0.75,"y":4.85,"skX":5.98,"skY":5.98,"pX":0.05,"scX":0.25},"z":4,"duration":1},{"transform":{"pY":-0.05,"scY":0.25,"x":0.75,"y":4.85,"skX":5.98,"skY":5.98,"pX":0.05,"scX":0.25},"z":4,"duration":1},{"transform":{"pY":-0.05,"scY":0.25,"x":0.75,"y":4.85,"skX":5.98,"skY":5.98,"pX":0.05,"scX":0.25},"z":4,"duration":1},{"transform":{"pY":-0.05,"scY":0.25,"x":0.75,"y":4.85,"skX":5.98,"skY":5.98,"pX":0.05,"scX":0.25},"z":4,"duration":1},{"transform":{"pY":-0.05,"scY":0.25,"x":0.75,"y":4.85,"skX":5.98,"skY":5.98,"pX":0.05,"scX":0.25},"z":4,"duration":1},{"transform":{"pY":-0.05,"scY":0.25,"x":0.75,"y":4.85,"skX":5.98,"skY":5.98,"pX":0.05,"scX":0.25},"z":4,"duration":1},{"transform":{"pY":-0.05,"scY":0.25,"x":0.75,"y":4.85,"skX":5.98,"skY":5.98,"pX":0.05,"scX":0.25},"z":4,"duration":1},{"transform":{"pY":-0.05,"scY":0.25,"x":0.75,"y":4.85,"skX":5.98,"skY":5.98,"pX":0.05,"scX":0.25},"z":4,"duration":1},{"transform":{"pY":-0.05,"scY":0.25,"x":0.75,"y":4.85,"skX":5.98,"skY":5.98,"pX":0.05,"scX":0.25},"z":4,"duration":1},{"transform":{"pY":-0.05,"scY":0.25,"x":0.75,"y":4.85,"skX":5.98,"skY":5.98,"pX":0.05,"scX":0.25},"z":4,"duration":1},{"transform":{"pY":-0.05,"scY":0.25,"x":0.75,"y":4.85,"skX":5.98,"skY":5.98,"pX":0.05,"scX":0.25},"z":4,"duration":1},{"transform":{"pY":-0.05,"scY":0.25,"x":0.75,"y":4.85,"skX":5.98,"skY":5.98,"pX":0.05,"scX":0.25},"z":4,"duration":1},{"transform":{"pY":-0.05,"scY":0.25,"x":0.75,"y":4.85,"skX":5.98,"skY":5.98,"pX":0.05,"scX":0.25},"z":4,"duration":1},{"transform":{"pY":-0.05,"scY":0.25,"x":0.75,"y":4.85,"skX":5.98,"skY":5.98,"pX":0.05,"scX":0.25},"z":4,"duration":1},{"transform":{"pY":-0.05,"scY":0.25,"x":0.75,"y":4.85,"skX":5.98,"skY":5.98,"pX":0.05,"scX":0.25},"z":4,"duration":1},{"transform":{"pY":-0.05,"scY":0.25,"x":0.75,"y":4.85,"skX":5.98,"skY":5.98,"pX":0.05,"scX":0.25},"z":4,"duration":1},{"transform":{"pY":-0.05,"scY":0.25,"x":0.75,"y":4.85,"skX":5.98,"skY":5.98,"pX":0.05,"scX":0.25},"z":4,"duration":1},{"transform":{"pY":-0.05,"scY":0.25,"x":0.75,"y":4.85,"skX":5.98,"skY":5.98,"pX":0.05,"scX":0.25},"z":4,"duration":1},{"transform":{"pY":-0.05,"scY":0.25,"x":0.75,"y":4.85,"skX":5.98,"skY":5.98,"pX":0.05,"scX":0.25},"z":4,"duration":1},{"transform":{"pY":-0.05,"scY":0.25,"x":0.75,"y":4.85,"skX":5.98,"skY":5.98,"pX":0.05,"scX":0.25},"z":4,"duration":1}],"offset":0},{"name":"armR","scale":1,"frame":[{"transform":{"pY":0.05,"scY":0.25,"x":-2.3,"y":-2.3,"skX":43.52,"skY":43.52,"pX":-0.4,"scX":0.25},"z":5,"duration":1},{"transform":{"pY":0.4,"scY":0.25,"x":-2.3,"y":-2.3,"skX":56.24,"skY":56.24,"pX":-0.45,"scX":0.25},"z":5,"duration":1},{"transform":{"pY":0.35,"scY":0.25,"x":-2.3,"y":-2.3,"skX":66.45,"skY":66.45,"pX":-0.35,"scX":0.25},"z":5,"duration":1},{"transform":{"pY":0.3,"scY":0.25,"x":-2.3,"y":-2.3,"skX":76.4,"skY":76.4,"pX":-0.45,"scX":0.25},"z":5,"duration":1},{"transform":{"pY":0.35,"scY":0.25,"x":-2.3,"y":-2.3,"skX":86.11,"skY":86.11,"pX":-0.3,"scX":0.25},"z":5,"duration":1},{"transform":{"pY":0.3,"scY":0.25,"x":-2.3,"y":-2.3,"skX":76.4,"skY":76.4,"pX":-0.45,"scX":0.25},"z":5,"duration":1},{"transform":{"pY":0.35,"scY":0.25,"x":-2.3,"y":-2.3,"skX":66.45,"skY":66.45,"pX":-0.35,"scX":0.25},"z":5,"duration":1},{"transform":{"pY":0.4,"scY":0.25,"x":-2.3,"y":-2.3,"skX":56.24,"skY":56.24,"pX":-0.45,"scX":0.25},"z":5,"duration":1},{"transform":{"pY":0.15,"scY":0.25,"x":-2.3,"y":-2.3,"skX":28.52,"skY":28.52,"pX":-0.55,"scX":0.25},"z":5,"duration":1},{"transform":{"pY":0.2,"scY":0.25,"x":-2.3,"y":-2.3,"skX":4.27,"skY":4.27,"pX":-0.45,"scX":0.25},"z":5,"duration":1},{"transform":{"pY":0.1,"scY":0.25,"x":-2.3,"y":-2.3,"skX":-10.73,"skY":-10.73,"pX":-0.35,"scX":0.25},"z":5,"duration":1},{"transform":{"pY":0,"scY":0.25,"x":-2.3,"y":-2.3,"skX":-34.21,"skY":-34.21,"pX":-0.4,"scX":0.25},"z":5,"duration":1},{"transform":{"pY":-0.05,"scY":0.25,"x":-2.3,"y":-2.3,"skX":-49.21,"skY":-49.21,"pX":-0.5,"scX":0.25},"z":5,"duration":1},{"transform":{"pY":0.05,"scY":0.25,"x":-2.3,"y":-2.3,"skX":-55.67,"skY":-55.67,"pX":-0.55,"scX":0.25},"z":5,"duration":1},{"transform":{"pY":-0.05,"scY":0.25,"x":-2.3,"y":-2.3,"skX":-70.67,"skY":-70.67,"pX":-0.5,"scX":0.25},"z":5,"duration":1},{"transform":{"pY":0.05,"scY":0.25,"x":-2.3,"y":-2.3,"skX":-55.67,"skY":-55.67,"pX":-0.55,"scX":0.25},"z":5,"duration":1},{"transform":{"pY":-0.05,"scY":0.25,"x":-2.3,"y":-2.3,"skX":-49.21,"skY":-49.21,"pX":-0.5,"scX":0.25},"z":5,"duration":1},{"transform":{"pY":0,"scY":0.25,"x":-2.3,"y":-2.3,"skX":-34.21,"skY":-34.21,"pX":-0.4,"scX":0.25},"z":5,"duration":1},{"transform":{"pY":0.1,"scY":0.25,"x":-2.3,"y":-2.3,"skX":-10.73,"skY":-10.73,"pX":-0.35,"scX":0.25},"z":5,"duration":1},{"transform":{"pY":0.2,"scY":0.25,"x":-2.3,"y":-2.3,"skX":4.27,"skY":4.27,"pX":-0.45,"scX":0.25},"z":5,"duration":1}],"offset":0},{"name":"head","scale":1,"frame":[{"transform":{"pY":-0.1,"scY":0.25,"x":2.9,"y":-4.45,"skX":1.99,"skY":1.99,"pX":-0.05,"scX":0.25},"z":6,"duration":1},{"transform":{"pY":-0.1,"scY":0.25,"x":2.9,"y":-4.45,"skX":1.99,"skY":1.99,"pX":-0.05,"scX":0.25},"z":6,"duration":1},{"transform":{"pY":-0.1,"scY":0.25,"x":2.9,"y":-4.2,"skX":1.99,"skY":1.99,"pX":0,"scX":0.25},"z":6,"duration":1},{"transform":{"pY":-0.1,"scY":0.25,"x":3.15,"y":-4.2,"skX":1.99,"skY":1.99,"pX":0,"scX":0.25},"z":6,"duration":1},{"transform":{"pY":-0.1,"scY":0.25,"x":3.4,"y":-3.95,"skX":1.99,"skY":1.99,"pX":0,"scX":0.25},"z":6,"duration":1},{"transform":{"pY":-0.1,"scY":0.25,"x":3.15,"y":-4.2,"skX":1.99,"skY":1.99,"pX":0,"scX":0.25},"z":6,"duration":1},{"transform":{"pY":-0.1,"scY":0.25,"x":2.9,"y":-4.2,"skX":1.99,"skY":1.99,"pX":0,"scX":0.25},"z":6,"duration":1},{"transform":{"pY":-0.1,"scY":0.25,"x":2.9,"y":-4.45,"skX":1.99,"skY":1.99,"pX":-0.05,"scX":0.25},"z":6,"duration":1},{"transform":{"pY":-0.1,"scY":0.25,"x":2.9,"y":-4.45,"skX":1.99,"skY":1.99,"pX":-0.05,"scX":0.25},"z":6,"duration":1},{"transform":{"pY":-0.1,"scY":0.25,"x":2.65,"y":-4.45,"skX":1.99,"skY":1.99,"pX":-0.05,"scX":0.25},"z":6,"duration":1},{"transform":{"pY":-0.1,"scY":0.25,"x":2.4,"y":-4.7,"skX":1.99,"skY":1.99,"pX":0,"scX":0.25},"z":6,"duration":1},{"transform":{"pY":-0.1,"scY":0.25,"x":2.4,"y":-4.95,"skX":1.99,"skY":1.99,"pX":0,"scX":0.25},"z":6,"duration":1},{"transform":{"pY":-0.1,"scY":0.25,"x":2.15,"y":-4.95,"skX":1.99,"skY":1.99,"pX":0,"scX":0.25},"z":6,"duration":1},{"transform":{"pY":-0.1,"scY":0.25,"x":2.15,"y":-5.2,"skX":1.99,"skY":1.99,"pX":-0.05,"scX":0.25},"z":6,"duration":1},{"transform":{"pY":-0.1,"scY":0.25,"x":2.15,"y":-5.45,"skX":1.99,"skY":1.99,"pX":0,"scX":0.25},"z":6,"duration":1},{"transform":{"pY":-0.1,"scY":0.25,"x":2.15,"y":-5.2,"skX":1.99,"skY":1.99,"pX":-0.05,"scX":0.25},"z":6,"duration":1},{"transform":{"pY":-0.1,"scY":0.25,"x":2.15,"y":-4.95,"skX":1.99,"skY":1.99,"pX":0,"scX":0.25},"z":6,"duration":1},{"transform":{"pY":-0.1,"scY":0.25,"x":2.4,"y":-4.95,"skX":1.99,"skY":1.99,"pX":0,"scX":0.25},"z":6,"duration":1},{"transform":{"pY":-0.1,"scY":0.25,"x":2.4,"y":-4.7,"skX":1.99,"skY":1.99,"pX":0,"scX":0.25},"z":6,"duration":1},{"transform":{"pY":-0.1,"scY":0.25,"x":2.65,"y":-4.45,"skX":1.99,"skY":1.99,"pX":-0.05,"scX":0.25},"z":6,"duration":1}],"offset":0},{"name":"handR","scale":1,"frame":[{"transform":{"pY":0.1,"scY":0.25,"x":-9,"y":4.75,"skX":43.52,"skY":43.52,"pX":-0.2,"scX":0.25},"z":7,"duration":1},{"transform":{"pY":0.4,"scY":0.25,"x":-10.45,"y":3.1,"skX":56.24,"skY":56.24,"pX":0.1,"scX":0.25},"z":7,"duration":1},{"transform":{"pY":0.25,"scY":0.25,"x":-11.25,"y":1.55,"skX":66.45,"skY":66.45,"pX":0.05,"scX":0.25},"z":7,"duration":1},{"transform":{"pY":0.2,"scY":0.25,"x":-11.8,"y":-0.05,"skX":76.4,"skY":76.4,"pX":0.2,"scX":0.25},"z":7,"duration":1},{"transform":{"pY":0.2,"scY":0.25,"x":-12.05,"y":-1.7,"skX":86.11,"skY":86.11,"pX":0.45,"scX":0.25},"z":7,"duration":1},{"transform":{"pY":0.2,"scY":0.25,"x":-11.8,"y":-0.05,"skX":76.4,"skY":76.4,"pX":0.2,"scX":0.25},"z":7,"duration":1},{"transform":{"pY":0.25,"scY":0.25,"x":-11.25,"y":1.55,"skX":66.45,"skY":66.45,"pX":0.05,"scX":0.25},"z":7,"duration":1},{"transform":{"pY":0.4,"scY":0.25,"x":-10.45,"y":3.1,"skX":56.24,"skY":56.24,"pX":0.1,"scX":0.25},"z":7,"duration":1},{"transform":{"pY":0,"scY":0.25,"x":-7,"y":6.25,"skX":28.52,"skY":28.52,"pX":-0.15,"scX":0.25},"z":7,"duration":1},{"transform":{"pY":0.05,"scY":0.25,"x":-3.1,"y":7.45,"skX":4.27,"skY":4.27,"pX":0.05,"scX":0.25},"z":7,"duration":1},{"transform":{"pY":0.2,"scY":0.25,"x":-0.6,"y":7.3,"skX":-10.73,"skY":-10.73,"pX":0.25,"scX":0.25},"z":7,"duration":1},{"transform":{"pY":0.45,"scY":0.25,"x":3.05,"y":5.85,"skX":-34.21,"skY":-34.21,"pX":0.3,"scX":0.25},"z":7,"duration":1},{"transform":{"pY":0.4,"scY":0.25,"x":4.95,"y":4.2,"skX":-49.21,"skY":-49.21,"pX":0.3,"scX":0.25},"z":7,"duration":1},{"transform":{"pY":0.6,"scY":0.25,"x":5.6,"y":3.35,"skX":-55.67,"skY":-55.67,"pX":0.5,"scX":0.25},"z":7,"duration":1},{"transform":{"pY":0.55,"scY":0.25,"x":6.75,"y":1.1,"skX":-70.67,"skY":-70.67,"pX":0.6,"scX":0.25},"z":7,"duration":1},{"transform":{"pY":0.6,"scY":0.25,"x":5.6,"y":3.35,"skX":-55.67,"skY":-55.67,"pX":0.5,"scX":0.25},"z":7,"duration":1},{"transform":{"pY":0.4,"scY":0.25,"x":4.95,"y":4.2,"skX":-49.21,"skY":-49.21,"pX":0.3,"scX":0.25},"z":7,"duration":1},{"transform":{"pY":0.45,"scY":0.25,"x":3.05,"y":5.85,"skX":-34.21,"skY":-34.21,"pX":0.3,"scX":0.25},"z":7,"duration":1},{"transform":{"pY":0.2,"scY":0.25,"x":-0.6,"y":7.3,"skX":-10.73,"skY":-10.73,"pX":0.25,"scX":0.25},"z":7,"duration":1},{"transform":{"pY":0.05,"scY":0.25,"x":-3.1,"y":7.45,"skX":4.27,"skY":4.27,"pX":0.05,"scX":0.25},"z":7,"duration":1}],"offset":0},{"name":"red","scale":1,"frame":[{"z":8,"duration":20,"transform":{"pY":0,"scY":1,"x":19.8,"y":-38.9,"skX":0,"skY":0,"pX":0,"scX":1},"colorTransform":{"aM":0,"rM":100,"aO":0,"gM":100,"rO":0,"bM":100,"gO":0,"bO":0}}],"offset":0}],"duration":20,"scale":1,"loop":0,"tweenEasing":null,"name":"run","fadeInTime":0.3},{"autoTween":1,"timeline":[{"name":"footL","scale":1,"frame":[{"transform":{"pY":0.45,"scY":0.25,"x":0.25,"y":10.8,"skX":-68.62,"skY":-68.62,"pX":-0.05,"scX":0.25},"z":0,"duration":21}],"offset":0},{"name":"handL","scale":1,"frame":[{"transform":{"pY":0.45,"scY":0.25,"x":14.1,"y":-1.25,"skX":-65.05,"skY":-65.05,"pX":0.3,"scX":0.25},"z":1,"duration":21}],"offset":0},{"name":"armL","scale":1,"frame":[{"transform":{"pY":0.75,"scY":0.25,"x":5.1,"y":-5.3,"skX":-65.05,"skY":-65.05,"pX":0.7,"scX":0.25},"z":2,"duration":21}],"offset":0},{"name":"footR","scale":1,"frame":[{"transform":{"pY":-0.3,"scY":0.25,"x":0.35,"y":10.45,"skX":-81.38,"skY":-81.38,"pX":-0.1,"scX":0.25},"z":3,"duration":21}],"offset":0},{"name":"body","scale":1,"frame":[{"transform":{"pY":0.1,"scY":0.25,"x":0.5,"y":1.05,"skX":5.98,"skY":5.98,"pX":0.25,"scX":0.25},"z":4,"duration":21}],"offset":0},{"name":"armR","scale":1,"frame":[{"transform":{"pY":0.2,"scY":0.25,"x":-2.5,"y":-6.05,"skX":-48.89,"skY":-48.89,"pX":-0.4,"scX":0.25},"z":5,"duration":21}],"offset":0},{"name":"head","scale":1,"frame":[{"transform":{"pY":-0.1,"scY":0.25,"x":3.65,"y":-7.25,"skX":24.46,"skY":24.46,"pX":-0.3,"scX":0.25},"z":6,"duration":21}],"offset":0},{"name":"handR","scale":1,"frame":[{"transform":{"pY":0.2,"scY":0.25,"x":4.9,"y":0.45,"skX":-48.89,"skY":-48.89,"pX":0.6,"scX":0.25},"z":7,"duration":21}],"offset":0},{"name":"red","scale":1,"frame":[{"z":8,"duration":21,"transform":{"pY":0,"scY":1,"x":19.8,"y":-38.9,"skX":0,"skY":0,"pX":0,"scX":1},"colorTransform":{"aM":0,"rM":100,"aO":0,"gM":100,"rO":0,"bM":100,"gO":0,"bO":0}}],"offset":0}],"duration":21,"scale":1,"loop":1,"tweenEasing":null,"name":"roll","fadeInTime":0.3},{"autoTween":1,"timeline":[{"name":"footL","scale":1,"frame":[{"transform":{"pY":-0.1,"scY":0.25,"x":16.9,"y":7.5,"skX":-93.99,"skY":-93.99,"pX":0,"scX":0.25},"z":0,"duration":7}],"offset":0},{"name":"handL","scale":1,"frame":[{"transform":{"pY":-0.05,"scY":0.25,"x":17.6,"y":-8.55,"skX":-103.01,"skY":-103.01,"pX":0.1,"scX":0.25},"z":1,"duration":7}],"offset":0},{"name":"armL","scale":1,"frame":[{"transform":{"pY":0.15,"scY":0.25,"x":8.1,"y":-6.35,"skX":-103.01,"skY":-103.01,"pX":-0.15,"scX":0.25},"z":2,"duration":7}],"offset":0},{"name":"footR","scale":1,"frame":[{"transform":{"pY":-0.15,"scY":0.25,"x":10.9,"y":12.8,"skX":-101.48,"skY":-101.48,"pX":0.1,"scX":0.25},"z":3,"duration":7}],"offset":0},{"name":"body","scale":1,"frame":[{"transform":{"pY":0.2,"scY":0.25,"x":7.9,"y":3.55,"skX":-43.01,"skY":-43.01,"pX":0.05,"scX":0.25},"z":4,"duration":7}],"offset":0},{"name":"armR","scale":1,"frame":[{"transform":{"pY":0.15,"scY":0.25,"x":-2.25,"y":3.4,"skX":-113.04,"skY":-113.04,"pX":-0.15,"scX":0.25},"z":5,"duration":7}],"offset":0},{"name":"head","scale":1,"frame":[{"transform":{"pY":-0.3,"scY":0.25,"x":2.4,"y":-3.95,"skX":-32,"skY":-32,"pX":-0.1,"scX":0.25},"z":6,"duration":7}],"offset":0},{"name":"handR","scale":1,"frame":[{"transform":{"pY":0.15,"scY":0.25,"x":6.75,"y":-0.4,"skX":-113.04,"skY":-113.04,"pX":0.05,"scX":0.25},"z":7,"duration":7}],"offset":0},{"name":"red","scale":1,"frame":[{"transform":{"pY":0,"scY":1,"x":19.8,"y":-38.9,"skX":0,"skY":0,"pX":0,"scX":1},"z":8,"duration":7}],"offset":0}],"duration":7,"scale":1,"loop":1,"tweenEasing":null,"name":"fall","fadeInTime":0.3}]}],"version":2.3}