{"name":"woman3","SubTexture":[{"name":"legL5","x":152,"width":35,"y":0,"height":58},{"name":"handL5","x":0,"width":49,"y":84,"height":20},{"name":"armL5","x":224,"width":20,"y":0,"height":56},{"name":"legR5","x":188,"width":35,"y":0,"height":58},{"name":"body5","x":84,"width":67,"y":0,"height":95},{"name":"armR5","x":224,"width":20,"y":57,"height":56},{"name":"head5","x":0,"width":83,"y":0,"height":83},{"name":"handR5","x":152,"width":48,"y":86,"height":20},{"name":"die5","x":152,"width":31,"y":59,"height":26}],"imagePath":"texture.png"}