{"frameRate":24,"name":"guangquan","armature":[{"name":"yuanquan","bone":[{"transform":{"skX":0,"scY":1,"x":-0.1,"skY":0,"y":0.15,"scX":1},"name":"图层 1"},{"transform":{"skX":0,"scY":0.59,"x":-0.1,"skY":0,"y":0.15,"scX":0.59},"name":"图层 2"}],"skin":[{"slot":[{"name":"图层 1","z":0,"display":[{"transform":{"pY":0,"scY":1,"x":-25.4,"y":-25.4,"skX":0,"skY":0,"pX":0,"scX":1},"name":"yuanquan1","type":"image"}],"parent":"图层 1"},{"name":"图层 2","z":1,"display":[{"transform":{"pY":0,"scY":1,"x":-25.4,"y":-25.4,"skX":0,"skY":0,"pX":0,"scX":1},"name":"yuanquan1","type":"image"}],"parent":"图层 2"}],"name":"default"}],"animation":[{"autoTween":1,"timeline":[{"name":"图层 1","scale":1,"frame":[{"z":0,"duration":12,"transform":{"pY":0,"scY":1,"x":-0.1,"y":0.15,"skX":0,"skY":0,"pX":0,"scX":1},"tweenEasing":0},{"z":0,"duration":1,"transform":{"pY":0,"scY":1.74,"x":-0.1,"y":0.15,"skX":0,"skY":0,"pX":0,"scX":1.74},"colorTransform":{"aM":0,"rM":100,"aO":0,"gM":100,"rO":0,"bM":100,"gO":0,"bO":0}},{"duration":7,"displayIndex":-1}],"offset":0},{"name":"图层 2","scale":1,"frame":[{"z":1,"duration":19,"transform":{"pY":0,"scY":0.59,"x":-0.1,"y":0.15,"skX":0,"skY":0,"pX":0,"scX":0.59},"tweenEasing":0},{"z":1,"duration":1,"transform":{"pY":0,"scY":1.03,"x":-0.1,"y":0.15,"skX":0,"skY":0,"pX":0,"scX":1.03},"colorTransform":{"aM":0,"rM":100,"aO":0,"gM":100,"rO":0,"bM":100,"gO":0,"bO":0}}],"offset":0}],"duration":20,"scale":1,"loop":0,"tweenEasing":null,"name":"guangquan","fadeInTime":0.3}]}],"version":2.3}