{"frameRate":24,"name":"man","armature":[{"name":"ren","bone":[{"transform":{"scX":1,"skX":0,"x":-1.75,"scY":1,"y":5.9,"skY":0},"name":"footR","parent":"body"},{"transform":{"scX":1,"skX":0,"x":1.6,"scY":1,"y":5.5,"skY":0},"name":"footL","parent":"body"},{"transform":{"scX":1,"skX":0,"x":-0.25,"scY":1,"y":9.4,"skY":0},"name":"body"},{"transform":{"scX":1,"skX":0,"x":0.25,"scY":1,"y":-11,"skY":0},"name":"cap","parent":"body"}],"skin":[{"slot":[{"name":"footR","z":0,"display":[{"transform":{"pY":-33.5,"scX":1,"x":-8.9,"scY":1,"y":-31.9,"skX":0,"pX":-6.8,"skY":0},"name":"maozi","type":"image"}],"parent":"footR"},{"name":"footL","z":1,"display":[{"transform":{"pY":-33.5,"scX":1,"x":-8.9,"scY":1,"y":-31.5,"skX":0,"pX":-6.8,"skY":0},"name":"maozi","type":"image"}],"parent":"footL"},{"name":"body","z":2,"display":[{"transform":{"pY":-6.55,"scX":1,"x":-12.25,"scY":1,"y":-35.4,"skX":0,"pX":-4,"skY":0},"name":"shenti","type":"image"}],"parent":"body"},{"name":"cap","z":3,"display":[{"transform":{"pY":0,"scX":1,"x":-12.75,"scY":1,"y":-15,"skX":0,"pX":0.5,"skY":0},"name":"cap","type":"image"}],"parent":"cap"}],"name":"default"}],"animation":[{"autoTween":1,"timeline":[{"name":"footR","scale":1,"frame":[{"z":0,"duration":14,"transform":{"pY":0,"scX":1,"x":-1.75,"scY":1,"y":5.9,"skX":0,"pX":0,"skY":0},"tweenEasing":0},{"z":0,"duration":15,"transform":{"pY":0,"scX":1,"x":-1.75,"scY":1,"y":5.9,"skX":0,"pX":0,"skY":0},"tweenEasing":0},{"transform":{"pY":0,"scX":1,"x":-1.75,"scY":1,"y":5.9,"skX":0,"pX":0,"skY":0},"z":0,"duration":1}],"offset":0},{"name":"footL","scale":1,"frame":[{"z":1,"duration":14,"transform":{"pY":0,"scX":1,"x":1.6,"scY":1,"y":5.5,"skX":0,"pX":0,"skY":0},"tweenEasing":0},{"z":1,"duration":15,"transform":{"pY":0,"scX":1,"x":1.6,"scY":1,"y":5.5,"skX":0,"pX":0,"skY":0},"tweenEasing":0},{"transform":{"pY":0,"scX":1,"x":1.6,"scY":1,"y":5.5,"skX":0,"pX":0,"skY":0},"z":1,"duration":1}],"offset":0},{"name":"body","scale":1,"frame":[{"z":2,"duration":14,"transform":{"pY":0,"scX":1,"x":-0.25,"scY":1,"y":9.4,"skX":0,"pX":0,"skY":0},"tweenEasing":0},{"z":2,"duration":15,"transform":{"pY":0,"scX":1,"x":-0.25,"scY":1,"y":11.2,"skX":0,"pX":0,"skY":0},"tweenEasing":0},{"transform":{"pY":0,"scX":1,"x":-0.25,"scY":1,"y":9.4,"skX":0,"pX":0,"skY":0},"z":2,"duration":1}],"offset":0},{"name":"cap","scale":1,"frame":[{"z":3,"duration":14,"transform":{"pY":0,"scX":1,"x":0.25,"scY":1,"y":-11,"skX":0,"pX":0,"skY":0},"tweenEasing":0},{"z":3,"duration":15,"transform":{"pY":0,"scX":1,"x":0.25,"scY":1,"y":-8.6,"skX":0,"pX":0,"skY":0},"tweenEasing":0},{"transform":{"pY":0,"scX":1,"x":0.25,"scY":1,"y":-11,"skX":0,"pX":0,"skY":0},"z":3,"duration":1}],"offset":0}],"duration":30,"scale":1,"loop":0,"tweenEasing":null,"name":"stand","fadeInTime":0.3},{"autoTween":1,"timeline":[{"name":"footR","scale":1,"frame":[{"z":0,"duration":7,"transform":{"pY":0.05,"scX":1,"x":-1.8,"scY":1,"y":5.9,"skX":-34.9,"pX":0.1,"skY":-34.9},"tweenEasing":1},{"z":0,"duration":7,"transform":{"pY":0.05,"scX":1,"x":-1.85,"scY":1,"y":5.85,"skX":47.15,"pX":0.1,"skY":47.15},"tweenEasing":1},{"z":0,"duration":7,"transform":{"pY":0.05,"scX":1,"x":-1.8,"scY":1,"y":5.9,"skX":-34.9,"pX":0.1,"skY":-34.9},"tweenEasing":1},{"z":0,"duration":7,"transform":{"pY":0.05,"scX":1,"x":-1.85,"scY":1,"y":5.9,"skX":47.15,"pX":0.05,"skY":47.15},"tweenEasing":1},{"z":0,"duration":1,"transform":{"pY":0.05,"scX":1,"x":-1.8,"scY":1,"y":5.9,"skX":-34.9,"pX":0.1,"skY":-34.9},"tweenEasing":0}],"offset":0},{"name":"footL","scale":1,"frame":[{"z":1,"duration":7,"transform":{"pY":0.05,"scX":1,"x":1.6,"scY":1,"y":5.5,"skX":54.34,"pX":-0.05,"skY":54.34},"tweenEasing":1},{"z":1,"duration":7,"transform":{"pY":-0.15,"scX":1,"x":1.65,"scY":1,"y":5.55,"skX":-26.72,"pX":0,"skY":-26.72},"tweenEasing":1},{"z":1,"duration":7,"transform":{"pY":0.05,"scX":1,"x":1.6,"scY":1,"y":5.5,"skX":54.34,"pX":-0.05,"skY":54.34},"tweenEasing":1},{"z":1,"duration":7,"transform":{"pY":-0.05,"scX":1,"x":1.6,"scY":1,"y":5.5,"skX":-26.72,"pX":-0.05,"skY":-26.72},"tweenEasing":1},{"z":1,"duration":1,"transform":{"pY":0.05,"scX":1,"x":1.6,"scY":1,"y":5.5,"skX":54.34,"pX":-0.05,"skY":54.34},"tweenEasing":0}],"offset":0},{"name":"body","scale":1,"frame":[{"z":2,"duration":7,"transform":{"pY":0,"scX":1,"x":-0.25,"scY":1,"y":9.4,"skX":0,"pX":0,"skY":0},"tweenEasing":0},{"z":2,"duration":7,"transform":{"pY":0,"scX":1,"x":-0.25,"scY":1,"y":10.25,"skX":0,"pX":0,"skY":0},"tweenEasing":0},{"z":2,"duration":7,"transform":{"pY":0,"scX":1,"x":-0.25,"scY":1,"y":9.4,"skX":0,"pX":0,"skY":0},"tweenEasing":0},{"z":2,"duration":7,"transform":{"pY":0,"scX":1,"x":-0.25,"scY":1,"y":10.25,"skX":0,"pX":0,"skY":0},"tweenEasing":0},{"transform":{"pY":0,"scX":1,"x":-0.25,"scY":1,"y":9.4,"skX":0,"pX":0,"skY":0},"z":2,"duration":1}],"offset":0},{"name":"cap","scale":1,"frame":[{"z":3,"duration":7,"transform":{"pY":0,"scX":1,"x":0.25,"scY":1,"y":-11,"skX":0,"pX":0,"skY":0},"tweenEasing":1},{"z":3,"duration":7,"transform":{"pY":0,"scX":1,"x":0.25,"scY":1,"y":-10.15,"skX":0,"pX":0,"skY":0},"tweenEasing":0},{"z":3,"duration":7,"transform":{"pY":0,"scX":1,"x":0.25,"scY":1,"y":-11,"skX":0,"pX":0,"skY":0},"tweenEasing":0},{"z":3,"duration":7,"transform":{"pY":0,"scX":1,"x":0.25,"scY":1,"y":-10.15,"skX":0,"pX":0,"skY":0},"tweenEasing":0},{"transform":{"pY":0,"scX":1,"x":0.25,"scY":1,"y":-11,"skX":0,"pX":0,"skY":0},"z":3,"duration":1}],"offset":0}],"duration":29,"scale":1,"loop":0,"tweenEasing":null,"name":"walk","fadeInTime":0.3}]}],"version":2.3}