{"name":"woman5","SubTexture":[{"name":"legL4","x":177,"width":35,"y":0,"height":58},{"name":"handL4","x":0,"width":49,"y":92,"height":20},{"name":"armL4","x":177,"width":20,"y":59,"height":56},{"name":"legR4","x":213,"width":35,"y":0,"height":58},{"name":"body4","x":108,"width":68,"y":0,"height":95},{"name":"armR4","x":198,"width":20,"y":59,"height":56},{"name":"head4","x":0,"width":107,"y":0,"height":91},{"name":"handR4","x":50,"width":48,"y":92,"height":20},{"name":"die4","x":219,"width":31,"y":59,"height":26}],"imagePath":"texture.png"}